{"cameraMode":{"drawMode":0,"name":"Shaded","section":"Shading Mode"},"sceneLighting":true,"audioPlay":false,"sceneViewState":{"showFog":true,"showMaterialUpdate":false,"showSkybox":true,"showFlares":true,"showImageEffects":true,"showParticleSystems":true},"in2DMode":false,"pivot":{"x":-7.4233551025390629,"y":7.8319196701049809,"z":-9.734781265258789},"rotation":{"x":-0.026705367490649225,"y":0.006295714993029833,"z":-0.0001712727826088667,"w":-0.9996423721313477},"size":7.03471040725708,"orthographic":true}